trial,n_estimators,max_depth,learning_rate,subsample,colsample_bytree,min_child_weight,reg_alpha,reg_lambda,gamma,random_state,objective,n_jobs,val_n,val_MAE_MW,val_RMSE_MW,val_nMAE_pct_of_capacity,val_nRMSE_pct_of_capacity,val_bias_MW,val_sMAPE_pct
0,400,6,0.08,0.9,0.7,5,0.5,2.0,0.0,42,reg:squarederror,-1,9550,0.22408857426347611,0.44562752131006816,2.5367025281108484,4.394355460334997,0.041646591316920105,99.07274863976724
1,200,6,0.08,0.9,0.9,1,0.0,2.0,0.0,42,reg:squarederror,-1,9550,0.21768333534098958,0.4374664223691472,2.3648737041493315,4.027751406017424,0.044824883098021955,98.17526979010107
2,400,6,0.08,0.7,0.9,5,0.5,1.0,0.0,42,reg:squarederror,-1,9550,0.22195707645933807,0.4499779492569704,2.3894922619823173,4.030707799778307,0.046500391345389774,98.43000845229075
3,200,4,0.08,0.9,0.9,1,0.0,1.0,0.0,42,reg:squarederror,-1,9550,0.22294435657727535,0.4374879321375718,2.6859353956859637,4.52571780902513,0.04492609665995931,99.10585841251697
4,200,6,0.03,0.9,0.7,5,0.5,1.0,0.5,42,reg:squarederror,-1,9550,0.2195589234553707,0.43259654202078174,2.7182588762970714,5.297569979835416,0.0416440707949351,98.97896947851218
5,400,6,0.03,0.9,0.7,1,0.0,2.0,0.5,42,reg:squarederror,-1,9550,0.2163738625792765,0.430980874629245,2.5028261491509443,4.463408492662578,0.0394622862653276,98.48905484312061
6,400,8,0.03,0.9,0.7,1,0.5,1.0,0.5,42,reg:squarederror,-1,9550,0.22559291551187063,0.44466808596264856,2.8367503532257894,5.730020928684919,0.04193406422946097,99.2354166238755
7,400,6,0.08,0.9,0.7,1,0.0,1.0,0.0,42,reg:squarederror,-1,9550,0.22541723430740843,0.4489239183400142,2.50261243053223,4.269485566767777,0.04501071251995372,98.983481089729
8,400,4,0.03,0.7,0.7,5,0.5,2.0,0.5,42,reg:squarederror,-1,9550,0.21916776204636026,0.429301903428751,2.6692741493926713,4.595080082168883,0.039809621604343544,98.88431885552768
9,200,8,0.03,0.7,0.7,5,0.0,1.0,0.5,42,reg:squarederror,-1,9550,0.22579813237045981,0.4408531372570672,2.938858819348621,6.027875519784314,0.03710713987184094,99.51448480157697
10,200,8,0.03,0.7,0.7,5,0.0,1.0,0.0,42,reg:squarederror,-1,9550,0.22574186764850696,0.4421464859715949,2.875807619490289,5.692051282276011,0.03724329672824605,99.44178123140539
11,400,8,0.08,0.7,0.9,5,0.5,1.0,0.0,42,reg:squarederror,-1,9550,0.2276323392923219,0.4533128490996572,2.570199653185755,4.579183590070573,0.04666122965355747,99.21152495698524
12,200,8,0.03,0.7,0.7,5,0.0,2.0,0.5,42,reg:squarederror,-1,9550,0.22519095234835898,0.44019805084420205,2.928505732877527,6.042363169262164,0.03722238411732489,99.43931734501874
13,400,6,0.08,0.9,0.9,1,0.0,1.0,0.0,42,reg:squarederror,-1,9550,0.22504905524130417,0.44691443459934194,2.4468236757524875,4.117976271344926,0.047736906614601574,98.72892341595167
14,200,4,0.03,0.9,0.7,5,0.5,1.0,0.5,42,reg:squarederror,-1,9550,0.22753886268942614,0.43619543553018625,3.2112136095548602,6.7402040561712715,0.04490615397746978,99.8730326907299
15,200,8,0.03,0.9,0.7,1,0.0,2.0,0.5,42,reg:squarederror,-1,9550,0.22923284832911556,0.448555257365046,3.075033968116635,6.636099569263852,0.035090406000730434,99.78340804985044
16,200,4,0.03,0.9,0.7,1,0.5,2.0,0.0,42,reg:squarederror,-1,9550,0.22839605024705528,0.435748887148605,3.1972027968504277,6.624082508125884,0.0459708286533952,99.85305501622254
17,400,4,0.08,0.7,0.9,5,0.5,1.0,0.5,42,reg:squarederror,-1,9550,0.22030929996527537,0.4398348774480327,2.609062023332943,4.42308705106881,0.04508658100925216,99.0423469999396
18,200,4,0.08,0.7,0.9,5,0.0,2.0,0.0,42,reg:squarederror,-1,9550,0.21910830557291208,0.4349132001965019,2.57007000953902,4.330937192935556,0.043139262585295185,98.71190822283339
19,400,4,0.08,0.7,0.7,1,0.5,2.0,0.5,42,reg:squarederror,-1,9550,0.22199766602294574,0.4349014934326469,2.704594588396645,4.500137873958739,0.03468000221935955,99.30707866777165
20,400,8,0.08,0.7,0.9,5,0.0,1.0,0.5,42,reg:squarederror,-1,9550,0.22167678671928587,0.44670295219531864,2.546749264560761,4.614446366360717,0.04905585073083071,98.50722697085705
21,200,8,0.03,0.7,0.9,1,0.0,2.0,0.5,42,reg:squarederror,-1,9550,0.21796219580742743,0.43696164948458194,2.545428805191859,4.750082408497261,0.04386307152453292,98.59045273787751
22,200,4,0.08,0.9,0.9,1,0.0,1.0,0.0,42,reg:squarederror,-1,9550,0.22294435657727535,0.4374879321375718,2.6859353956859637,4.52571780902513,0.04492609665995931,99.10585841251697
23,400,4,0.08,0.9,0.9,1,0.5,2.0,0.5,42,reg:squarederror,-1,9550,0.22212211069539428,0.43738274073727595,2.6995573977625784,4.556612857124457,0.04993325339280292,98.72485189921872
24,200,4,0.08,0.7,0.7,1,0.5,2.0,0.0,42,reg:squarederror,-1,9550,0.22144855838972058,0.4350438123979928,2.7219395917899893,4.592221136890547,0.03786500741513996,99.32092755268198
